"course_url","study_level","source_scope"
"https://www.aru.ac.uk/study/undergraduate/accounting-and-finance","foundation","FOUNDATION"
"https://www.aru.ac.uk/study/undergraduate/acting","foundation","FOUNDATION"
"https://www.aru.ac.uk/study/undergraduate/agriculture","foundation","FOUNDATION"
"https://www.aru.ac.uk/study/undergraduate/animal-management-pet-behaviour-and-welfare","foundation","FOUNDATION"
"https://www.aru.ac.uk/study/undergraduate/animal-management-zoo-and-wildlife-conservation","foundation","FOUNDATION"
"https://www.aru.ac.uk/study/undergraduate/animal-science","foundation","FOUNDATION"
"https://www.aru.ac.uk/study/undergraduate/animation-and-illustration","foundation","FOUNDATION"
"https://www.aru.ac.uk/study/undergraduate/architecture","foundation","FOUNDATION"
"https://www.aru.ac.uk/study/undergraduate/artificial-intelligence","foundation","FOUNDATION"
"https://www.aru.ac.uk/study/undergraduate/audio-and-music-technology","foundation","FOUNDATION"
"https://www.aru.ac.uk/study/undergraduate/banking-finance-and-fintech","foundation","FOUNDATION"
"https://www.aru.ac.uk/study/undergraduate/biology","foundation","FOUNDATION"
"https://www.aru.ac.uk/study/undergraduate/biomedical-engineering","foundation","FOUNDATION"
"https://www.aru.ac.uk/study/undergraduate/biomedical-science","foundation","FOUNDATION"
"https://www.aru.ac.uk/study/undergraduate/biomedical-sciences","foundation","FOUNDATION"
"https://www.aru.ac.uk/study/undergraduate/building-surveying","foundation","FOUNDATION"
"https://www.aru.ac.uk/study/undergraduate/business-and-human-resource-management-london","foundation","FOUNDATION"
"https://www.aru.ac.uk/study/undergraduate/business-and-law-london","foundation","FOUNDATION"
"https://www.aru.ac.uk/study/undergraduate/business-and-management","foundation","FOUNDATION"
"https://www.aru.ac.uk/study/undergraduate/business-and-tourism-management-london","foundation","FOUNDATION"
"https://www.aru.ac.uk/study/undergraduate/business-hospitality-and-events-management-london","foundation","FOUNDATION"
"https://www.aru.ac.uk/study/undergraduate/business-management","foundation","FOUNDATION"
"https://www.aru.ac.uk/study/undergraduate/business-management-and-business-analytics","foundation","FOUNDATION"
"https://www.aru.ac.uk/study/undergraduate/business-management-and-digital-marketing","foundation","FOUNDATION"
"https://www.aru.ac.uk/study/undergraduate/business-management-and-entrepreneurship-and-innovation","foundation","FOUNDATION"
"https://www.aru.ac.uk/study/undergraduate/business-management-and-finance","foundation","FOUNDATION"
"https://www.aru.ac.uk/study/undergraduate/business-management-and-human-resource-management","foundation","FOUNDATION"
"https://www.aru.ac.uk/study/undergraduate/business-management-and-tourism","foundation","FOUNDATION"
"https://www.aru.ac.uk/study/undergraduate/civil-engineering-beng","foundation","FOUNDATION"
"https://www.aru.ac.uk/study/undergraduate/commercial-law","foundation","FOUNDATION"
"https://www.aru.ac.uk/study/undergraduate/computer-games-art","foundation","FOUNDATION"
"https://www.aru.ac.uk/study/undergraduate/computer-games-design","foundation","FOUNDATION"
"https://www.aru.ac.uk/study/undergraduate/computer-games-programming","foundation","FOUNDATION"
"https://www.aru.ac.uk/study/undergraduate/computer-networking","foundation","FOUNDATION"
"https://www.aru.ac.uk/study/undergraduate/computer-science-beng","foundation","FOUNDATION"
"https://www.aru.ac.uk/study/undergraduate/computing","foundation","FOUNDATION"
"https://www.aru.ac.uk/study/undergraduate/construction-management","foundation","FOUNDATION"
"https://www.aru.ac.uk/study/undergraduate/crime-and-investigative-studies","foundation","FOUNDATION"
"https://www.aru.ac.uk/study/undergraduate/criminology","foundation","FOUNDATION"
"https://www.aru.ac.uk/study/undergraduate/criminology-and-policing","foundation","FOUNDATION"
"https://www.aru.ac.uk/study/undergraduate/cyber-security","foundation","FOUNDATION"
"https://www.aru.ac.uk/study/undergraduate/cyber-security-and-digital-forensics","foundation","FOUNDATION"
"https://www.aru.ac.uk/study/undergraduate/cyber-security-with-forensic-computing","foundation","FOUNDATION"
"https://www.aru.ac.uk/study/undergraduate/digital-marketing-and-management-london","foundation","FOUNDATION"
"https://www.aru.ac.uk/study/undergraduate/digital-media","foundation","FOUNDATION"
"https://www.aru.ac.uk/study/undergraduate/drama","foundation","FOUNDATION"
"https://www.aru.ac.uk/study/undergraduate/drama-and-english-literature","foundation","FOUNDATION"
"https://www.aru.ac.uk/study/undergraduate/drama-and-film","foundation","FOUNDATION"
"https://www.aru.ac.uk/study/undergraduate/education-with-sustainability","foundation","FOUNDATION"
"https://www.aru.ac.uk/study/undergraduate/electronic-and-electrical-engineering-beng","foundation","FOUNDATION"
"https://www.aru.ac.uk/study/undergraduate/english","foundation","FOUNDATION"
"https://www.aru.ac.uk/study/undergraduate/english-language-and-communication","foundation","FOUNDATION"
"https://www.aru.ac.uk/study/undergraduate/english-literature","foundation","FOUNDATION"
"https://www.aru.ac.uk/study/undergraduate/equine-science","foundation","FOUNDATION"
"https://www.aru.ac.uk/study/undergraduate/fashion-design","foundation","FOUNDATION"
"https://www.aru.ac.uk/study/undergraduate/film","foundation","FOUNDATION"
"https://www.aru.ac.uk/study/undergraduate/film-and-media","foundation","FOUNDATION"
"https://www.aru.ac.uk/study/undergraduate/finance-with-economics","foundation","FOUNDATION"
"https://www.aru.ac.uk/study/undergraduate/fine-art","foundation","FOUNDATION"
"https://www.aru.ac.uk/study/undergraduate/forensic-science","foundation","FOUNDATION"
"https://www.aru.ac.uk/study/undergraduate/game-design-and-development","foundation","FOUNDATION"
"https://www.aru.ac.uk/study/undergraduate/game-design-and-digital-art","foundation","FOUNDATION"
"https://www.aru.ac.uk/study/undergraduate/graphic-design","foundation","FOUNDATION"
"https://www.aru.ac.uk/study/undergraduate/health-and-social-care-london","foundation","FOUNDATION"
"https://www.aru.ac.uk/study/undergraduate/history","foundation","FOUNDATION"
"https://www.aru.ac.uk/study/undergraduate/horticulture","foundation","FOUNDATION"
"https://www.aru.ac.uk/study/undergraduate/human-resource-management","foundation","FOUNDATION"
"https://www.aru.ac.uk/study/undergraduate/illustration","foundation","FOUNDATION"
"https://www.aru.ac.uk/study/undergraduate/interior-design","foundation","FOUNDATION"
"https://www.aru.ac.uk/study/undergraduate/international-business-and-artificial-intelligence","foundation","FOUNDATION"
"https://www.aru.ac.uk/study/undergraduate/international-business-management","foundation","FOUNDATION"
"https://www.aru.ac.uk/study/undergraduate/law","foundation","FOUNDATION"
"https://www.aru.ac.uk/study/undergraduate/law-with-business-management","foundation","FOUNDATION"
"https://www.aru.ac.uk/study/undergraduate/law-with-criminal-justice","foundation","FOUNDATION"
"https://www.aru.ac.uk/study/undergraduate/law-with-criminology","foundation","FOUNDATION"
"https://www.aru.ac.uk/study/undergraduate/law-with-politics-and-international-relations","foundation","FOUNDATION"
"https://www.aru.ac.uk/study/undergraduate/law-with-sociology","foundation","FOUNDATION"
"https://www.aru.ac.uk/study/undergraduate/liberal-arts","foundation","FOUNDATION"
"https://www.aru.ac.uk/study/undergraduate/marketing","foundation","FOUNDATION"
"https://www.aru.ac.uk/study/undergraduate/mechanical-engineering-beng","foundation","FOUNDATION"
"https://www.aru.ac.uk/study/undergraduate/mechanical-engineering-peterborough","foundation","FOUNDATION"
"https://www.aru.ac.uk/study/undergraduate/mechatronics-and-robotics-engineering-beng","foundation","FOUNDATION"
"https://www.aru.ac.uk/study/undergraduate/medical-science","foundation","FOUNDATION"
"https://www.aru.ac.uk/study/undergraduate/music-production","foundation","FOUNDATION"
"https://www.aru.ac.uk/study/undergraduate/musical-theatre","foundation","FOUNDATION"
"https://www.aru.ac.uk/study/undergraduate/pharmaceutical-science","foundation","FOUNDATION"
"https://www.aru.ac.uk/study/undergraduate/philosophy","foundation","FOUNDATION"
"https://www.aru.ac.uk/study/undergraduate/philosophy-and-english-literature","foundation","FOUNDATION"
"https://www.aru.ac.uk/study/undergraduate/politics-and-international-relations","foundation","FOUNDATION"
"https://www.aru.ac.uk/study/undergraduate/psychology","foundation","FOUNDATION"
"https://www.aru.ac.uk/study/undergraduate/psychology-with-clinical-applications","foundation","FOUNDATION"
"https://www.aru.ac.uk/study/undergraduate/psychology-with-criminology","foundation","FOUNDATION"
"https://www.aru.ac.uk/study/undergraduate/psychology-with-education","foundation","FOUNDATION"
"https://www.aru.ac.uk/study/undergraduate/public-health","foundation","FOUNDATION"
"https://www.aru.ac.uk/study/undergraduate/quantity-surveying","foundation","FOUNDATION"
"https://www.aru.ac.uk/study/undergraduate/sociology","foundation","FOUNDATION"
"https://www.aru.ac.uk/study/undergraduate/software-development","foundation","FOUNDATION"
"https://www.aru.ac.uk/study/undergraduate/software-engineering","foundation","FOUNDATION"
"https://www.aru.ac.uk/study/undergraduate/sport-and-exercise-science","foundation","FOUNDATION"
"https://www.aru.ac.uk/study/undergraduate/sport-coaching-and-physical-education","foundation","FOUNDATION"
"https://www.aru.ac.uk/study/undergraduate/sports-therapy","foundation","FOUNDATION"
"https://www.aru.ac.uk/study/undergraduate/strategic-business-and-project-management","foundation","FOUNDATION"
"https://www.aru.ac.uk/study/undergraduate/strength-and-conditioning-with-rehabilitation","foundation","FOUNDATION"
"https://www.aru.ac.uk/study/undergraduate/supply-chain-management-and-international-business","foundation","FOUNDATION"
"https://www.aru.ac.uk/study/undergraduate/working-with-children-families-and-communities","foundation","FOUNDATION"
"https://www.aru.ac.uk/study/undergraduate/writing-and-english-literature","foundation","FOUNDATION"
"https://www.aru.ac.uk/study/undergraduate/writing-and-film","foundation","FOUNDATION"
"https://www.aru.ac.uk/study/undergraduate/zoology","foundation","FOUNDATION"
