sep=	
course_url
https://www.canterbury.ac.uk/study-here/courses/accounting-and-finance
https://www.canterbury.ac.uk/study-here/courses/accounting-and-finance-with-foundation-year
https://www.canterbury.ac.uk/study-here/courses/adult-nursing
https://www.canterbury.ac.uk/study-here/courses/animal-science
https://www.canterbury.ac.uk/study-here/courses/animal-science-with-foundation-year
https://www.canterbury.ac.uk/study-here/courses/applied-criminology
https://www.canterbury.ac.uk/study-here/courses/applied-criminology-criminal-investigation-foundation-year
https://www.canterbury.ac.uk/study-here/courses/applied-criminology-with-criminal-investigation
https://www.canterbury.ac.uk/study-here/courses/applied-criminology-with-forensic-investigation
https://www.canterbury.ac.uk/study-here/courses/applied-criminology-with-forensic-investigation-with-foundation-year
https://www.canterbury.ac.uk/study-here/courses/applied-criminology-with-foundation-year
https://www.canterbury.ac.uk/study-here/courses/archaeology
https://www.canterbury.ac.uk/study-here/courses/archaeology-with-foundation-year
https://www.canterbury.ac.uk/study-here/courses/architectural-engineering
https://www.canterbury.ac.uk/study-here/courses/architecture-engineering-with-foundation-year
https://www.canterbury.ac.uk/study-here/courses/biochemistry
https://www.canterbury.ac.uk/study-here/courses/biochemistry-with-foundation-year
https://www.canterbury.ac.uk/study-here/courses/biomedical-engineering-beng
https://www.canterbury.ac.uk/study-here/courses/biomedical-engineering-with-foundation-year
https://www.canterbury.ac.uk/study-here/courses/biomedical-science
https://www.canterbury.ac.uk/study-here/courses/biomedical-science-with-foundation-year
https://www.canterbury.ac.uk/study-here/courses/building-services-engineering
https://www.canterbury.ac.uk/study-here/courses/building-services-engineering-with-foundation-year
https://www.canterbury.ac.uk/study-here/courses/business-economics
https://www.canterbury.ac.uk/study-here/courses/business-economics-foundation-year
https://www.canterbury.ac.uk/study-here/courses/business-information-technology
https://www.canterbury.ac.uk/study-here/courses/business-information-technology-with-foundation-year
https://www.canterbury.ac.uk/study-here/courses/business-management
https://www.canterbury.ac.uk/study-here/courses/business-management-and-leadership-foundation-year
https://www.canterbury.ac.uk/study-here/courses/business-management-with-foundation-year
https://www.canterbury.ac.uk/study-here/courses/chemical-engineering-beng
https://www.canterbury.ac.uk/study-here/courses/chemical-engineering-with-foundation-year
https://www.canterbury.ac.uk/study-here/courses/child-nursing
https://www.canterbury.ac.uk/study-here/courses/childhood-youth-communities-ba-hons-top-up
https://www.canterbury.ac.uk/study-here/courses/childhood-youth-communities-foundation-degree
https://www.canterbury.ac.uk/study-here/courses/childhood-youth-special-educational-needs-foundation-degree
https://www.canterbury.ac.uk/study-here/courses/childhood-youth-special-educational-needs-top-up
https://www.canterbury.ac.uk/study-here/courses/computer-science
https://www.canterbury.ac.uk/study-here/courses/computer-science-and-artificial-intelligence
https://www.canterbury.ac.uk/study-here/courses/computer-science-artificial-intelligence-with-foundation-year
https://www.canterbury.ac.uk/study-here/courses/computer-science-with-foundation-year
https://www.canterbury.ac.uk/study-here/courses/computer-security-and-computer-forensics
https://www.canterbury.ac.uk/study-here/courses/countering-terrorism-and-extremism
https://www.canterbury.ac.uk/study-here/courses/countering-terrorism-and-extremism-with-foundation-year
https://www.canterbury.ac.uk/study-here/courses/creative-writing
https://www.canterbury.ac.uk/study-here/courses/creative-writing-with-foundation-year
https://www.canterbury.ac.uk/study-here/courses/criminal-investigation
https://www.canterbury.ac.uk/study-here/courses/criminal-investigation-with-foundation-year
https://www.canterbury.ac.uk/study-here/courses/criminology-and-psychology-with-foundation-year
https://www.canterbury.ac.uk/study-here/courses/criminology-psychology
https://www.canterbury.ac.uk/study-here/courses/cyber-security-and-computer-forensics-with-foundation-year
https://www.canterbury.ac.uk/study-here/courses/dental-hygiene-dental-therapy
https://www.canterbury.ac.uk/study-here/courses/diagnostic-radiography
https://www.canterbury.ac.uk/study-here/courses/diagnostic-radiography-foundation-year
https://www.canterbury.ac.uk/study-here/courses/early-childhood-studies
https://www.canterbury.ac.uk/study-here/courses/early-childhood-studies-with-foundation-year
https://www.canterbury.ac.uk/study-here/courses/education-society-culture
https://www.canterbury.ac.uk/study-here/courses/education-studies
https://www.canterbury.ac.uk/study-here/courses/education-studies-with-foundation-year
https://www.canterbury.ac.uk/study-here/courses/education-studies-with-foundation-year-copy
https://www.canterbury.ac.uk/study-here/courses/english-language-cultural-studies
https://www.canterbury.ac.uk/study-here/courses/events-management
https://www.canterbury.ac.uk/study-here/courses/events-management-foundation-year
https://www.canterbury.ac.uk/study-here/courses/film-production
https://www.canterbury.ac.uk/study-here/courses/film-production-with-foundation-year
https://www.canterbury.ac.uk/study-here/courses/finance-and-accounting-foundation-year
https://www.canterbury.ac.uk/study-here/courses/finance-and-investment
https://www.canterbury.ac.uk/study-here/courses/finance-and-investment-with-foundation-year
https://www.canterbury.ac.uk/study-here/courses/forensic-investigation
https://www.canterbury.ac.uk/study-here/courses/forensic-investigation-criminal-investigation
https://www.canterbury.ac.uk/study-here/courses/forensic-investigation-with-criminal-investigation-foundation-year
https://www.canterbury.ac.uk/study-here/courses/forensic-investigation-with-foundation-year
https://www.canterbury.ac.uk/study-here/courses/further-education-and-skills
https://www.canterbury.ac.uk/study-here/courses/games-design
https://www.canterbury.ac.uk/study-here/courses/games-design-with-foundation-year
https://www.canterbury.ac.uk/study-here/courses/general-engineering-beng
https://www.canterbury.ac.uk/study-here/courses/general-engineering-with-foundation-year
https://www.canterbury.ac.uk/study-here/courses/general-english-course
https://www.canterbury.ac.uk/study-here/courses/geography
https://www.canterbury.ac.uk/study-here/courses/geography-with-foundation-year
https://www.canterbury.ac.uk/study-here/courses/graphic-design
https://www.canterbury.ac.uk/study-here/courses/graphic-design-with-foundation-year
https://www.canterbury.ac.uk/study-here/courses/history
https://www.canterbury.ac.uk/study-here/courses/history-with-foundation-year
https://www.canterbury.ac.uk/study-here/courses/human-biology
https://www.canterbury.ac.uk/study-here/courses/human-biology-with-foundation-year
https://www.canterbury.ac.uk/study-here/courses/human-resource-management
https://www.canterbury.ac.uk/study-here/courses/human-resource-management-with-foundation-year
https://www.canterbury.ac.uk/study-here/courses/international-foundation-year
https://www.canterbury.ac.uk/study-here/courses/international-tourism-and-hospitality-management
https://www.canterbury.ac.uk/study-here/courses/international-tourism-and-hospitality-management-foundation-year
https://www.canterbury.ac.uk/study-here/courses/law
https://www.canterbury.ac.uk/study-here/courses/law-with-criminology
https://www.canterbury.ac.uk/study-here/courses/law-with-criminology-foundation-year
https://www.canterbury.ac.uk/study-here/courses/law-with-foundation-year
https://www.canterbury.ac.uk/study-here/courses/marketing
https://www.canterbury.ac.uk/study-here/courses/marketing-with-foundation-year
https://www.canterbury.ac.uk/study-here/courses/mechanical-engineering
https://www.canterbury.ac.uk/study-here/courses/mechanical-engineering-with-foundation-year
https://www.canterbury.ac.uk/study-here/courses/media-production
https://www.canterbury.ac.uk/study-here/courses/media-production-foundation-year
https://www.canterbury.ac.uk/study-here/courses/medicine
https://www.canterbury.ac.uk/study-here/courses/mental-health-nursing
https://www.canterbury.ac.uk/study-here/courses/midwifery
https://www.canterbury.ac.uk/study-here/courses/music-production
https://www.canterbury.ac.uk/study-here/courses/music-production-foundation-year
https://www.canterbury.ac.uk/study-here/courses/nursing-adult-foundation-year
https://www.canterbury.ac.uk/study-here/courses/nursing-child-foundation-year
https://www.canterbury.ac.uk/study-here/courses/nursing-mental-health-foundation-year
https://www.canterbury.ac.uk/study-here/courses/occupational-therapy
https://www.canterbury.ac.uk/study-here/courses/occupational-therapy-foundation-year
https://www.canterbury.ac.uk/study-here/courses/operating-department-practice
https://www.canterbury.ac.uk/study-here/courses/operating-department-practice-foundation-year
https://www.canterbury.ac.uk/study-here/courses/paramedic-science
https://www.canterbury.ac.uk/study-here/courses/paramedic-science-foundation-year
https://www.canterbury.ac.uk/study-here/courses/photography
https://www.canterbury.ac.uk/study-here/courses/photography-with-foundation-year
https://www.canterbury.ac.uk/study-here/courses/physical-education-and-physical-activity
https://www.canterbury.ac.uk/study-here/courses/physical-education-and-sport-exercise-science
https://www.canterbury.ac.uk/study-here/courses/physical-education-and-sport-exercise-science-with-foundation-year
https://www.canterbury.ac.uk/study-here/courses/physiotherapy
https://www.canterbury.ac.uk/study-here/courses/physiotherapy-with-foundation-year
https://www.canterbury.ac.uk/study-here/courses/politics-and-international-relations
https://www.canterbury.ac.uk/study-here/courses/popular-music
https://www.canterbury.ac.uk/study-here/courses/popular-music-foundation-year
https://www.canterbury.ac.uk/study-here/courses/postgraduate
https://www.canterbury.ac.uk/study-here/courses/pre-sessional-course-in-academic-english
https://www.canterbury.ac.uk/study-here/courses/primary-education
https://www.canterbury.ac.uk/study-here/courses/product-design-engineering-beng
https://www.canterbury.ac.uk/study-here/courses/product-design-engineering-with-foundation-year
https://www.canterbury.ac.uk/study-here/courses/professional-policing
https://www.canterbury.ac.uk/study-here/courses/professional-policing-with-foundation-year
https://www.canterbury.ac.uk/study-here/courses/psychology
https://www.canterbury.ac.uk/study-here/courses/psychology-clinical-forensic-studies
https://www.canterbury.ac.uk/study-here/courses/psychology-clinical-forensic-studies-with-foundation-year
https://www.canterbury.ac.uk/study-here/courses/psychology-sport-exercise-studies
https://www.canterbury.ac.uk/study-here/courses/psychology-sport-exercise-with-foundation-year-studies
https://www.canterbury.ac.uk/study-here/courses/psychology-with-education-studies
https://www.canterbury.ac.uk/study-here/courses/psychology-with-education-studies-with-foundation-year
https://www.canterbury.ac.uk/study-here/courses/psychology-with-foundation-year
https://www.canterbury.ac.uk/study-here/courses/public-health
https://www.canterbury.ac.uk/study-here/courses/public-health-with-foundation-year
https://www.canterbury.ac.uk/study-here/courses/social-work
https://www.canterbury.ac.uk/study-here/courses/social-work-foundation-year
https://www.canterbury.ac.uk/study-here/courses/software-engineering
https://www.canterbury.ac.uk/study-here/courses/software-engineering-with-foundation-year
https://www.canterbury.ac.uk/study-here/courses/sport-and-exercise-science
https://www.canterbury.ac.uk/study-here/courses/sport-and-exercise-science-with-foundation-year
https://www.canterbury.ac.uk/study-here/courses/sport-coaching-and-development
https://www.canterbury.ac.uk/study-here/courses/sport-coaching-and-development-with-foundation-year
https://www.canterbury.ac.uk/study-here/courses/sport-management
https://www.canterbury.ac.uk/study-here/courses/sport-management-foundation-year
https://www.canterbury.ac.uk/study-here/courses/sports-therapy-and-rehabilitation
https://www.canterbury.ac.uk/study-here/courses/sports-therapy-and-rehabilitation-with-foundation-year
https://www.canterbury.ac.uk/study-here/courses/theatre-and-performance
https://www.canterbury.ac.uk/study-here/courses/theatre-and-performance-foundation-year
https://www.canterbury.ac.uk/study-here/courses/theology-philosophy-and-religion
https://www.canterbury.ac.uk/study-here/courses/theology-philosophy-and-religion-with-foundation-year
https://www.canterbury.ac.uk/study-here/courses/wildlife-ecology-conservation-science
https://www.canterbury.ac.uk/study-here/courses/wildlife-ecology-conservation-science-with-foundation-year
