uniName,programmeName,courseName,degreeName,courseUrlExternal
Ravensbourne University London,Animation,3D Animation,BA,https://www.ravensbourne.ac.uk/study/undergraduate/ba-hons-3d-animation
Ravensbourne University London,Animation,Animation,BA,https://www.ravensbourne.ac.uk/study/undergraduate/ba-hons-animation
Ravensbourne University London,Film Production,Digital Film Production,BA,https://www.ravensbourne.ac.uk/study/undergraduate/ba-hons-digital-film-production
Ravensbourne University London,Product Design,Digital Television Production,BA,https://www.ravensbourne.ac.uk/study/undergraduate/ba-hons-digital-television-production
Ravensbourne University London,Product Design,Editing and Post Production,BA,https://www.ravensbourne.ac.uk/study/undergraduate/ba-hons-editing-and-post-production
Ravensbourne University London,Fashion and Textiles,Fashion,BA,https://www.ravensbourne.ac.uk/study/undergraduate/ba-hons-fashion
Ravensbourne University London,Fashion and Textiles,Fashion Buying and Brand Management,BA,https://www.ravensbourne.ac.uk/study/undergraduate/ba-hons-fashion-buying-and-brand-management
Ravensbourne University London,Fashion and Textiles,Fashion Promotion and Communication,BA,https://www.ravensbourne.ac.uk/study/undergraduate/ba-hons-fashion-promotion-and-communication
Ravensbourne University London,Development Studies,Games Development,BA,https://www.ravensbourne.ac.uk/study/undergraduate/ba-hons-games-development
Ravensbourne University London,Music,Music and Sound Production,BA,https://www.ravensbourne.ac.uk/study/undergraduate/ba-hons-music-and-sound-production
Ravensbourne University London,Product Design,Product Design,BA,https://www.ravensbourne.ac.uk/study/undergraduate/ba-hons-product-design
Ravensbourne University London,Journalism,Multimedia and Broadcast Journalism,BA,https://www.ravensbourne.ac.uk/ba-hons-multimedia-and-broadcast-journalism
Ravensbourne University London,Animation,3D Animation (with Integrated Foundation Year),BA,https://www.ravensbourne.ac.uk/study/undergraduate/ba-hons-3d-animation-integrated-foundation-year
Ravensbourne University London,Product Design,Product Design (with Integrated Foundation Year),BA,https://www.ravensbourne.ac.uk/study/undergraduate/ba-hons-product-design-integrated-foundation-year
Ravensbourne University London,Fashion and Textiles,Fashion (with Integrated Foundation Year),BA,https://www.ravensbourne.ac.uk/study/undergraduate/ba-hons-fashion-integrated-foundation-year
Ravensbourne University London,Fashion and Textiles,Fashion Promotion and Communication (with Integrated Foundation Year),BA,https://www.ravensbourne.ac.uk/study/undergraduate/ba-hons-fashion-promotion-and-communication-integrated-foundation-year
Ravensbourne University London,Fashion and Textiles,Fashion Buying and Brand Management (with Integrated Foundation Year),BA,https://www.ravensbourne.ac.uk/study/undergraduate/ba-hons-fashion-buying-and-brand-management-foundation-year
Ravensbourne University London,Music,Music and Sound Production (with Integrated Foundation Year),BA,https://www.ravensbourne.ac.uk/study/undergraduate/ba-hons-music-and-sound-production-integrated-foundation-year
Ravensbourne University London,Computer Science,Computer Science with International Year One,BSc,https://www.ravensbourne.ac.uk/study/undergraduate/bsc-hons-computer-science-with-international-year-one
Ravensbourne University London,Business and Management,Business Management,BSc,https://www.ravensbourne.ac.uk/study/undergraduate/bsc-hons-business-management
Ravensbourne University London,Computer Science,Computer Science,BSc,https://www.ravensbourne.ac.uk/study/undergraduate/bsc-hons-computer-science
Ravensbourne University London,Computer Science,Cyber Security,BSc,https://www.ravensbourne.ac.uk/study/undergraduate/bsc-hons-cyber-security
Ravensbourne University London,Marketing,Digital Marketing,BSc,https://www.ravensbourne.ac.uk/study/undergraduate/bsc-hons-digital-marketing
Ravensbourne University London,Business and Management,Business Management with Fashion,BSc,https://www.ravensbourne.ac.uk/study/undergraduate/bsc-hons-business-management-fashion
Ravensbourne University London,Business and Management,Business Computing,BSc,https://www.ravensbourne.ac.uk/bsc-hons-business-computing
Ravensbourne University London,Business and Management,Business Management (with Integrated Foundation Year),BSc,https://www.ravensbourne.ac.uk/study/undergraduate/bsc-hons-business-management-foundation-year
Ravensbourne University London,Business and Management,Business Computing (with Integrated Foundation Year),BSc,https://www.ravensbourne.ac.uk/study/undergraduate/bsc-hons-business-computing-integrated-foundation-year
Ravensbourne University London,Computer Science,Computer Science (with Integrated Foundation Year),BSc,https://www.ravensbourne.ac.uk/study/undergraduate/bsc-hons-computer-science-integrated-foundation-year
Ravensbourne University London,Computer Science,Cyber Security (with Integrated Foundation Year),BSc,https://www.ravensbourne.ac.uk/study/undergraduate/bsc-hons-cyber-security-integrated-foundation-year
Ravensbourne University London,Business and Management,Business Management with International Year One,BSc,https://www.ravensbourne.ac.uk/study/undergraduate/bsc-hons-business-management-international-year-one
Ravensbourne University London,Animation,Animation,FDA,https://www.ravensbourne.ac.uk/study/undergraduate/ba-hons-animation-integrated-foundation-year
Ravensbourne University London,Architecture,Architecture,FDA,https://www.ravensbourne.ac.uk/study/undergraduate/architecture-and-interiors-degrees/ba-hons-architecture-year
Ravensbourne University London,Development Studies,Games Development,FDA,https://www.ravensbourne.ac.uk/study/undergraduate/ba-hons-games-development-integrated-foundation-year
Ravensbourne University London,Architecture,Interior Design Environment Architectures,FDA,https://www.ravensbourne.ac.uk/study/undergraduate/architecture-and-interiors-degrees/ba-hons-interior-design-environment
Ravensbourne University London,Architecture,Urban Landscape Architecture,FDA,https://www.ravensbourne.ac.uk/study/undergraduate/architecture-and-interiors-degrees/ba-hons-urban-landscape-architecture-year-0
Ravensbourne University London,Management,Design Management,MA,https://www.ravensbourne.ac.uk/study/postgraduate/ma-design-management
Ravensbourne University London,Management,Luxury Brand Management,MA,https://www.ravensbourne.ac.uk/study/postgraduate/ma-luxury-brand-management
Ravensbourne University London,Fashion and Textiles,Fashion: Digital Futures,MA,https://www.ravensbourne.ac.uk/study/postgraduate/ma-fashion-digital-futures
Ravensbourne University London,Business and Management,MBA,MBA,https://www.ravensbourne.ac.uk/study/postgraduate/mba
Ravensbourne University London,Business and Management,MBA Fashion: Business and Entrepreneurship,MBA,https://www.ravensbourne.ac.uk/study/postgraduate/mba-fashion-business-and-entrepreneurship
Ravensbourne University London,Management,Cyber Security Management,MSc,https://www.ravensbourne.ac.uk/study/postgraduate/msc-cyber-security-management
Ravensbourne University London,Marketing,Digital Marketing,MSc,https://www.ravensbourne.ac.uk/study/postgraduate/msc-digital-marketing
Ravensbourne University London,Fashion and Textiles,International Fashion Marketing,MSc,https://www.ravensbourne.ac.uk/study/postgraduate/msc-international-fashion-marketing
Ravensbourne University London,Management,Project Management,MSc,https://www.ravensbourne.ac.uk/study/postgraduate/msc-project-management
Ravensbourne University London,Business and Management,Business and Data Analytics,MSc,https://www.ravensbourne.ac.uk/study/postgraduate/msc-business-and-data-analytics
Ravensbourne University London,Management,Information Technology Management,MSc,https://www.ravensbourne.ac.uk/study/postgraduate/msc-information-technology-management
Ravensbourne University London,Management,Engineering Management,MSc,https://www.ravensbourne.ac.uk/study/postgraduate/msc-engineering-management
Ravensbourne University London,Accounting and Finance,Accounting and Finance,MSc,https://www.ravensbourne.ac.uk/study/postgraduate/msc-accounting-and-finance
Ravensbourne University London,"Hospitality, Event Management and Tourism",Events Management,MSc,https://www.ravensbourne.ac.uk/study/postgraduate/msc-events-management
Ravensbourne University London,Accounting and Finance,International Finance,MSc,https://www.ravensbourne.ac.uk/study/postgraduate/msc-international-finance
Ravensbourne University London,Marketing,Strategic Marketing and Analytics,MSc,https://www.ravensbourne.ac.uk/study/postgraduate/msc-strategic-marketing-and-analytics
